G0135600M,LightEnterP@ssw0rd
G0438965P,LightEnterP@ssw0rd
G0531620X,LightEnterP@ssw0rd
G0632993Q,LightEnterP@ssw0rd
G0707801K,LightEnterP@ssw0rd
G0772871W,LightEnterP@ssw0rd
G0854242W,LightEnterP@ssw0rd
G0895532U,LightEnterP@ssw0rd
G0990411P,LightEnterP@ssw0rd
G1009320N,LightEnterP@ssw0rd
G1065257U,LightEnterP@ssw0rd
G1107439Q,LightEnterP@ssw0rd
G1133419Q,LightEnterP@ssw0rd
G1346458Q,LightEnterP@ssw0rd
G1602566W,LightEnterP@ssw0rd
G1740803M,LightEnterP@ssw0rd
G1759196K,LightEnterP@ssw0rd
G1885749W,LightEnterP@ssw0rd
G1920671W,LightEnterP@ssw0rd
G1940249W,LightEnterP@ssw0rd
G1965803W,LightEnterP@ssw0rd
G2054875M,LightEnterP@ssw0rd
G2072240U,LightEnterP@ssw0rd
G2109636P,LightEnterP@ssw0rd
G2148996Q,LightEnterP@ssw0rd
G2229900Q,LightEnterP@ssw0rd
G2319278K,LightEnterP@ssw0rd
G2342247M,LightEnterP@ssw0rd
G2467088P,LightEnterP@ssw0rd
G2543078W,LightEnterP@ssw0rd
G2965277R,LightEnterP@ssw0rd
G2988069Q,LightEnterP@ssw0rd
G3058333K,LightEnterP@ssw0rd
G3080468N,LightEnterP@ssw0rd
G3135663K,LightEnterP@ssw0rd
G3225993U,LightEnterP@ssw0rd
G3294109M,LightEnterP@ssw0rd
G3317057U,LightEnterP@ssw0rd
G3437705P,LightEnterP@ssw0rd
G3563710M,LightEnterP@ssw0rd
G3571580U,LightEnterP@ssw0rd
G3773776R,LightEnterP@ssw0rd
G3774050Q,LightEnterP@ssw0rd
G3945625P,LightEnterP@ssw0rd
G4188426K,LightEnterP@ssw0rd
G4216569X,LightEnterP@ssw0rd
G4232723X,LightEnterP@ssw0rd
G4362951X,LightEnterP@ssw0rd
G4507616K,LightEnterP@ssw0rd
G4635992Q,LightEnterP@ssw0rd
G4679826M,LightEnterP@ssw0rd
G4703146N,LightEnterP@ssw0rd
G4774376M,LightEnterP@ssw0rd
G4832781X,LightEnterP@ssw0rd
G5002299U,LightEnterP@ssw0rd
G5073281L,LightEnterP@ssw0rd
G5075033L,LightEnterP@ssw0rd
G5116011P,LightEnterP@ssw0rd
G5217044X,LightEnterP@ssw0rd
G5285063X,LightEnterP@ssw0rd
G5351235K,LightEnterP@ssw0rd
G5355177L,LightEnterP@ssw0rd
G5434351P,LightEnterP@ssw0rd
G5471993P,LightEnterP@ssw0rd
G5510585L,LightEnterP@ssw0rd
G5517159W,LightEnterP@ssw0rd
G5748290T,LightEnterP@ssw0rd
G5769102N,LightEnterP@ssw0rd
G5854298Q,LightEnterP@ssw0rd
G5925959W,LightEnterP@ssw0rd
G6036182T,LightEnterP@ssw0rd
G6071542P,LightEnterP@ssw0rd
G6091846K,LightEnterP@ssw0rd
G6238379Q,LightEnterP@ssw0rd
G6324755W,LightEnterP@ssw0rd
G6394745Q,LightEnterP@ssw0rd
G6594902T,LightEnterP@ssw0rd
G6634415R,LightEnterP@ssw0rd
G6651632W,LightEnterP@ssw0rd
G6672692T,LightEnterP@ssw0rd
G6724748T,LightEnterP@ssw0rd
G6999492Q,LightEnterP@ssw0rd
G7097508P,LightEnterP@ssw0rd
G7151470T,LightEnterP@ssw0rd
G7344964M,LightEnterP@ssw0rd
G7529003R,LightEnterP@ssw0rd
G7743205R,LightEnterP@ssw0rd
G7936230U,LightEnterP@ssw0rd
G8183029M,LightEnterP@ssw0rd
G8459133Q,LightEnterP@ssw0rd
G8494667U,LightEnterP@ssw0rd
G8499839X,LightEnterP@ssw0rd
G8587749K,LightEnterP@ssw0rd
G8640906W,LightEnterP@ssw0rd
G8855576W,LightEnterP@ssw0rd
G8994824L,LightEnterP@ssw0rd
G9011667R,LightEnterP@ssw0rd
G9063752P,LightEnterP@ssw0rd
G9393605K,LightEnterP@ssw0rd
G9439742P,LightEnterP@ssw0rd
G9717318W,LightEnterP@ssw0rd
G9907761X,LightEnterP@ssw0rd
